mean_fit_time;std_fit_time;mean_score_time;std_score_time;param_model__max_depth;param_model__max_features;param_model__min_samples_leaf;param_model__min_samples_split;param_model__n_estimators;params;split0_test_score;split1_test_score;split2_test_score;split3_test_score;split4_test_score;mean_test_score;std_test_score;rank_test_score
120.92611646652222;1.7577561773196808;0.9484209537506103;0.027870115834895865;2;auto;1;2;68;{'model__max_depth': 2, 'model__max_features': 'auto', 'model__min_samples_leaf': 1, 'model__min_samples_split': 2, 'model__n_estimators': 68};-310.7815284830167;-310.3760529883178;-310.6261953321936;-310.1247992368881;-310.424777500599;-310.466670708203;0.22424372406804507;3
99.29403767585754;0.7829498934936885;0.7931354522705079;0.016564052702330904;2;auto;1;2;55;{'model__max_depth': 2, 'model__max_features': 'auto', 'model__min_samples_leaf': 1, 'model__min_samples_split': 2, 'model__n_estimators': 55};-310.7814928330428;-310.37565667445415;-310.62619767571243;-310.1246600835151;-310.4248271609992;-310.46656688554475;0.2243066980439668;1
127.71275243759155;3.6596150086928314;0.9692189216613769;0.027541651791397583;2;auto;1;3;74;{'model__max_depth': 2, 'model__max_features': 'auto', 'model__min_samples_leaf': 1, 'model__min_samples_split': 3, 'model__n_estimators': 74};-310.7815238663979;-310.37593423853104;-310.626223711005;-310.1247961125492;-310.4248743099807;-310.46667044769276;0.22425340885456063;2
